"outcome","threshold","nb_true","nb_all_true","delta_true","nb_obs","nb_all_obs","delta_obs","delta_lower","delta_upper","delta_lower_ci","delta_upper_ci","nb_lower","nb_upper","se_tip","se_tip_upper","se1_tip","se1_tip_lower","se0_actual","se1_actual","ba_delta","ba_delta_lo","ba_delta_hi","ba_p_beats_all","ba_nb","ba_nb_lo","ba_nb_hi"
"diabetes",0.02,0.176705297906981,0.174602223738851,0.0021030741681304,0.136483737010896,0.134059746133489,0.00242399087740768,0.00135426851315011,0.00242399087740769,-0.000369976298577365,0.00305497855126275,0.136483737010896,0.238392620912502,0.398300584174188,0.655102812010944,9.33254963427377,8.90405970305432,0.833333333333333,0.791689750692521,0.00299352507594586,0.00158300762683762,0.00394067896577145,1,0.18342463647482,0.161777558378441,0.21208641724632
"diabetes",0.03,0.170417050783382,0.166092968313478,0.0043240824699038,0.130105059749288,0.125132527021463,0.00497253272782489,0.00317128201137742,0.00497253272782489,0.00104646000899537,0.0058416884565968,0.130105059749288,0.232344050414846,0.352063089705675,0.518185749344887,6.59509202453988,6.29318874278928,0.806451612903226,0.791852678571429,0.00563829550766738,0.00366034704428154,0.00737042408276919,1,0.177046978932458,0.156051859735438,0.205687752819886
"diabetes",0.04,0.164832092811965,0.15740643673341,0.00742565607855471,0.124646189328022,0.116019324177936,0.00862686515008561,0.00629724755681355,0.00862686515008561,0.00392257069798453,0.00964242205692406,0.124646189328022,0.227440565631152,0.288288288288288,0.405834022634857,5.21880544056771,4.98083643506212,0.744186046511628,0.793258426966292,0.00932207518842993,0.00700116704098849,0.0115570295186299,1,0.171870488256714,0.150053439759946,0.200300876737463
"diabetes",0.05,0.159412053564039,0.148537030804288,0.0108750227597508,0.119244541797938,0.106714264432441,0.0125302773654968,0.00944046876810434,0.0125302773654968,0.00675303713583866,0.0137307847369038,0.119244541797938,0.222385295453751,0.270009643201543,0.363948466048885,4.36216552582452,4.16365883482213,0.736842105263158,0.793884484711212,0.0131029620771533,0.010388355154043,0.0159200908380973,1,0.167009558085882,0.145080239313403,0.196251507920687
"diabetes",0.06,0.15399491003339,0.139478914110717,0.0145159959226735,0.114180754037735,0.0972112246923604,0.016969529345375,0.0129546564718635,0.016969529345375,0.00993238606721057,0.0183684051065208,0.114180754037735,0.217526555781826,0.261932479627475,0.340802302522077,3.79594734829865,3.6234705092244,0.710526315789474,0.795649685174585,0.0173538477110894,0.014466358033381,0.0206401856783407,1,0.162470309615722,0.14039461441364,0.190283685629747
"diabetes",0.07,0.148873836553278,0.130225999208682,0.0186478373445967,0.109871529104627,0.0875038185062567,0.0223677105983698,0.0175581775025823,0.0223677105983698,0.0142702738142375,0.0239226429446688,0.109871529104626,0.213577086482544,0.243874557024731,0.310561783378355,3.40488527017024,3.25061588771965,0.65979381443299,0.799536500579374,0.0225322074709176,0.0191773955206028,0.0263329059169575,1,0.158378953347083,0.136583688054609,0.187413110487517
"diabetes",0.08,0.143415816989293,0.120771933982689,0.0226438830066045,0.105015109595847,0.0775853817508899,0.0274297278449569,0.0213524645581602,0.0274297278449569,0.0176897329309464,0.0292075098049028,0.105015109595847,0.20863244863573,0.249438762783737,0.309572885818096,3.08318264014467,2.94339726610856,0.655737704918033,0.801881246325691,0.0272620945498551,0.0233488683833617,0.0312294548060218,1,0.153408725228386,0.132191746744348,0.183188335289282
"diabetes",0.09,0.137777936498976,0.111110087103378,0.0266678493955986,0.100337653749961,0.0674489573745261,0.032888696375435,0.025362239535633,0.032888696375435,0.0213134010292873,0.0348961965421207,0.100337653749961,0.203711234427242,0.25554773266578,0.310536236406605,2.83356490253042,2.70492068272767,0.644736842105263,0.805505685218432,0.0321199674820698,0.0278992816882655,0.0366108918531027,1,0.148749016080011,0.127206748211298,0.177658955870052
"diabetes",0.1,0.133545328534321,0.101233532515638,0.0323117960186835,0.0965044088012953,0.0570872791231319,0.0394171296781633,0.0308751985028324,0.0394171296781633,0.0265652708472479,0.0415779476954962,0.0965044088012953,0.200094737782126,0.245316681534344,0.294827600244369,2.63897131552918,2.51929769180577,0.64327485380117,0.807506053268765,0.0383701258135274,0.0337509655106764,0.0430224584154842,1,0.145002716636499,0.123644024439756,0.173246469490552
"diabetes",0.11,0.129388400781652,0.0911350328809818,0.0382533679006703,0.0931091874751906,0.0464927541694593,0.0466164333057313,0.0369576817111539,0.0466164333057313,0.0323758492772544,0.0489370005872808,0.0931091874751905,0.196842609072238,0.237103863058061,0.28209394937821,2.48996286732136,2.37721598961959,0.634020618556701,0.810926949048496,0.0452798813871814,0.0401776841113611,0.0502007199003642,1,0.141888659249591,0.120578620252021,0.170072834774969
"diabetes",0.12,0.125351428108531,0.080807021890993,0.0445444062175376,0.0897321045659446,0.0356574445577486,0.054074660008196,0.0432737057121164,0.054074660008196,0.0384260627088568,0.0565512776225705,0.0897321045659446,0.193611870884122,0.230539734201248,0.271927718960322,2.35777633571274,2.25111282932255,0.62962962962963,0.813939016801493,0.052308121286426,0.0470717819415944,0.0574736696320403,1,0.138734555664312,0.117295020291759,0.168240541378498
"diabetes",0.13,0.120483002025562,0.0702415853610044,0.050241416664558,0.0855387381264814,0.0245730473687572,0.0609656907577242,0.0481929598153014,0.0609656907577242,0.0429343678893557,0.063687063320432,0.0855387381264814,0.188764897000778,0.239115722986691,0.27849373904082,2.2343163165948,2.13284654414839,0.641129032258065,0.815873015873016,0.0583836995797986,0.0523541408060927,0.0641223259855178,1,0.134486574513957,0.113032836682232,0.163657369933678
"diabetes",0.14,0.116327829205441,0.059430441004737,0.0568973882007036,0.0818305268213479,0.0132308735009521,0.0685996533203958,0.0542156191107741,0.0685996533203958,0.0486328460289595,0.0715127376327166,0.0818305268213479,0.18479420672864,0.239266789228939,0.276412757343671,2.12690951821387,2.03010735097306,0.648351648351648,0.81741935483871,0.0653670911664776,0.0589920843726374,0.0716974915921262,1,0.13055900569311,0.109302549152404,0.159775010212443
"diabetes",0.15,0.113071415797685,0.0483649167812633,0.0647064990164217,0.0787849262778809,0.00162182495390442,0.0771631013239765,0.061129850829104,0.0771631013239765,0.0552285004229721,0.0802642160330374,0.0787849262778809,0.181479951242474,0.23761652348748,0.272600280969095,2.04686987872829,1.95362418008459,0.658783783783784,0.817943680419122,0.0733307916942674,0.0665407445375044,0.0799765242549932,1,0.127566067355251,0.106139865475794,0.155972746457866
"diabetes",0.16,0.109021111327433,0.037035927695326,0.0719851836321068,0.0750752549683255,-0.0102636295109301,0.0853388844792556,0.0672843481313971,0.0853388844792556,0.0610178055803066,0.0886566509092883,0.0750752549683255,0.177162425930641,0.240896980461812,0.274342119110797,1.96181887950883,1.87207373682251,0.669753086419753,0.818545697131421,0.0806438615316068,0.0734809543484563,0.0875889184573456,1,0.123772233362426,0.102602145709239,0.152654963915176
"diabetes",0.17,0.105941745807004,0.0254339509205709,0.0805077948864332,0.0723447306365624,-0.0224354804688931,0.0947802111054554,0.0753293075857261,0.0947802111054555,0.0688043442724448,0.0982491210682419,0.0723447306365624,0.174483024876527,0.235375633017801,0.266959098921556,1.89466121020899,1.8079779973429,0.671511627906977,0.820148749154834,0.0895845265541414,0.0817868643237414,0.096768719861866,1,0.121028943878058,0.0998326482604503,0.149921133118319
"diabetes",0.18,0.101516495823308,0.013548999102529,0.0879674967207791,0.0687882096349006,-0.0349042058404649,0.103692415475366,0.0822144776642231,0.103692415475366,0.0753451961139341,0.107365075490447,0.0687882096349006,0.170382264678082,0.237047070775483,0.26737294440723,1.82279719851974,1.73902447385035,0.672,0.823204419889503,0.0976196670162274,0.0892552663191402,0.105187546511715,1,0.117187857905035,0.0965096094724364,0.145930647838394
"diabetes",0.19,0.0980225429329109,0.00137059168404174,0.0966519512488692,0.0656667430263544,-0.0476808009742978,0.113347544000652,0.0898788038017634,0.113347544000652,0.0826799964433448,0.117214713186234,0.0656667430263545,0.166789403000979,0.236977147387588,0.266053319656462,1.76341367999759,1.68208037477231,0.678304239401496,0.824191279887482,0.106453707208321,0.0976327891947774,0.114618013544298,1,0.114140258706671,0.093604098891927,0.142436998504143
"diabetes",0.2,0.09429709613167,-0.0111122759199077,0.105409372051578,0.062585176643254,-0.0607768109864765,0.123361987629731,0.0976779536639061,0.123361987629731,0.0901279273156561,0.127436816436867,0.062585176643254,0.163049935353112,0.237979601748422,0.265962001490415,1.71029149315883,1.63105405334999,0.682134570765661,0.826149425287356,0.11545629887694,0.106124148611023,0.123997698642325,1,0.110734544428775,0.0891579362173082,0.139241264966107
"diabetes",0.21,0.0908807414199668,-0.0239111654885142,0.114791906908481,0.0591655044381427,-0.0742043655559256,0.133369869994068,0.105149059402152,0.133369869994068,0.0972163630538481,0.137671588649324,0.0591655044381427,0.158690306682361,0.240927457422303,0.268016748220315,1.65650675854758,1.57923913786418,0.694989106753813,0.824780058651026,0.124493941950046,0.114423305008994,0.133494142320039,1,0.106705676134234,0.0857528257278889,0.134389206924944
"diabetes",0.22,0.0879036398482881,-0.0370382317127259,0.124941871561014,0.0567226043691082,-0.0879762163963862,0.144698820765494,0.114592993406286,0.144698820765494,0.106366631019168,0.149172652401022,0.0567226043691082,0.156000154113164,0.237855898967875,0.263853375104002,1.61525453379206,1.53974394279021,0.695652173913043,0.826865671641791,0.135001583845667,0.124635572889972,0.14453164294286,1,0.104323722069395,0.0838290203976708,0.131997945553478
"diabetes",0.23,0.0851555405491877,-0.050506260696008,0.135661801245196,0.0543864354536333,-0.102105777648287,0.156492213101921,0.124543171822761,0.156492213101921,0.1160317262757,0.161132755816161,0.0543864354536333,0.153501074876481,0.234441602728048,0.259424348446769,1.5768269966644,1.50296892799992,0.697029702970297,0.828528072837633,0.145935089409821,0.134551782313406,0.155915082711001,1,0.102078564207826,0.0809231261729176,0.129946701653151
"diabetes",0.24,0.0815709469711599,-0.0643287114946397,0.1458996584658,0.0515004883001087,-0.116607169459449,0.168107657759558,0.133899062574142,0.168107657759558,0.125057408677266,0.172942519768275,0.0515004883001087,0.1500800959312,0.233856366928184,0.258033648067646,1.53440971029429,1.4621711262225,0.697936210131332,0.831007751937984,0.156730021131572,0.145056701158758,0.167165410766086,1,0.0987166073941373,0.078321108316901,0.127199090319127
"diabetes",0.25,0.078135374078345,-0.0785197609812349,0.15665513505958,0.0483628612363281,-0.131495265052242,0.17985812628857,0.142677429499948,0.17985812628857,0.133430331323457,0.184933251994401,0.0483628612363281,0.1457408766351,0.236689900637698,0.260236471171583,1.49499284692418,1.42400115766227,0.706194690265487,0.830683624801272,0.167058665863242,0.154188150177972,0.178250142681369,1,0.095211002970553,0.0747697949173912,0.123192591795648
"diabetes",0.26,0.0749157796018054,-0.0930943523458462,0.168010131947652,0.0455909311135226,-0.146785741607002,0.192376672720524,0.152521323084275,0.192376672720524,0.142909167773941,0.197667121069568,0.0455909311135226,0.142112654640173,0.237083979415268,0.259955569327594,1.45962466794253,1.38984091723314,0.71043771043771,0.831570382424736,0.178461854630985,0.164522853190198,0.189599698386093,1,0.0921759621175822,0.0717055254614483,0.120206571646316
"diabetes",0.27,0.0722025082322463,-0.108068247583461,0.180270755815707,0.0436248020024499,-0.162495135327646,0.206119937330096,0.163803869813948,0.206119937330096,0.153853263368961,0.211609045920329,0.0436248020024499,0.139553986733626,0.235443267228108,0.257589023484074,1.4350777691845,1.36620187519253,0.710610932475884,0.834304746044963,0.191006838179853,0.177019280893639,0.203115904172935,1,0.0900729733499869,0.0694909550076502,0.116624460920132
"diabetes",0.28,0.0695216130272216,-0.123458084355453,0.192979697382675,0.0411293986092183,-0.178640901096085,0.219770299705303,0.174536891435938,0.219770299705303,0.164204673132643,0.225484463223617,0.0411293986092183,0.136061315535055,0.235901589551483,0.25745545263273,1.40614216701173,1.33815972259642,0.716923076923077,0.833759590792839,0.203691263163282,0.189003300573727,0.21586536379452,1,0.0871542764455004,0.0666060778978166,0.113793300456026
"diabetes",0.29,0.0662100288068699,-0.139281437656234,0.205491466463104,0.0383038349607025,-0.195241477167861,0.233545312128563,0.185509253585601,0.233545312128563,0.174812037588267,0.239474272335195,0.0383038349607025,0.132407261122735,0.235779546124374,0.256781974792747,1.3724195354446,1.30553271884134,0.71976401179941,0.834934497816594,0.215816422478774,0.200550837548137,0.229141251824132,1,0.0837440581387222,0.0638914831086107,0.111111225570214
"diabetes",0.3,0.0639030745960193,-0.155556886765609,0.219459961361628,0.0363470264927441,-0.212316355413116,0.24866338190586,0.197644756613202,0.24866338190586,0.186566895286042,0.25481629165193,0.036347026492744,0.129498449972294,0.235332043842682,0.25577144794322,1.3515862668405,1.28529440843652,0.723796033994334,0.835273052820054,0.229631375850456,0.213950779175995,0.242948770196838,1,0.0811281875034062,0.0618477898232488,0.107210377539156
"diabetes",0.31,0.0613651660384296,-0.172304088023081,0.233669254061511,0.034929070740864,-0.22988615766548,0.264815228406344,0.211234023761087,0.264815228406344,0.199817857765881,0.271165803664597,0.034929070740864,0.127607335864513,0.232835531846531,0.25267897582089,1.33557144942344,1.26986490159852,0.720708446866485,0.840220385674931,0.244834064332871,0.22795168137373,0.258988809676184,1,0.0796302921893653,0.0601301752416694,0.106530564234313
"diabetes",0.32,0.0577998680340151,-0.189543854023421,0.247343722057436,0.0319000018499904,-0.24797271880762,0.27987272065761,0.22242023971765,0.27987272065761,0.210547196929879,0.286493817107516,0.0319000018499904,0.122857865234363,0.235427897574124,0.254889166822035,1.30515573383672,1.2400599702624,0.725974025974026,0.84045584045584,0.258168684363304,0.239848128775107,0.272696563228302,1,0.0759678983419155,0.056527675201443,0.10364279598034
"diabetes",0.33,0.0549480295346832,-0.207298239904367,0.262246269439051,0.0294439324501301,-0.266599177297285,0.296043109747416,0.235751215617061,0.296043109747416,0.22351927026491,0.302874305876221,0.0294439324501301,0.119777462410142,0.234003360255865,0.252993085864292,1.27762532825824,1.21341327893227,0.727959697732998,0.841593780369291,0.273118940387543,0.25403699866912,0.288540314255595,1,0.0734397489132562,0.0545348998825123,0.0997246746377622
"diabetes",0.34,0.0513839516879668,-0.225590637478676,0.276974589166643,0.0269229669586101,-0.285790073923002,0.312713040881612,0.2488603404842,0.312713040881612,0.236206047184341,0.319792994088062,0.0269229669586101,0.115977894046874,0.234469779450649,0.253056616597114,1.2524199553239,1.18876523658395,0.728260869565217,0.845226130653266,0.288086876920445,0.268947374005109,0.304172250345266,1,0.0701946311461194,0.0511085544425205,0.0954573581185766
"diabetes",0.35,0.0480698670236358,-0.244445878055271,0.292515745078907,0.024522809196255,-0.305571459675664,0.330094268871919,0.262571198937695,0.330094268871919,0.249487279663708,0.337427152312365,0.024522809196255,0.112259791785948,0.234792687030321,0.252990962471409,1.22900820844943,1.16581893328594,0.72938443670151,0.848232848232848,0.303782003264535,0.283299211261271,0.320418551658998,1,0.0670766828856192,0.0482432687934253,0.0927019493660631
"diabetes",0.36,0.0452353496173603,-0.263890344899885,0.309125694517245,0.0229583813816962,-0.325971013733096,0.348929395114792,0.278058059894468,0.348929395114792,0.264572314535257,0.356497663322732,0.0229583813816962,0.109773037005975,0.233520437535982,0.251294603336536,1.21403701667583,1.15115275811707,0.727578475336323,0.853920515574651,0.321135392797754,0.299457113195658,0.339093885044165,1,0.0648555549070394,0.0468843062987678,0.0894951776556795
"diabetes",0.37,0.0423674239587857,-0.283952096406232,0.326319520365018,0.0209016618493503,-0.34701817268124,0.367919834530591,0.293372071545884,0.36791983453059,0.279458029945913,0.375739552790401,0.0209016618493503,0.106542841944876,0.233087296742328,0.250489221164731,1.19432540726187,1.13179934315586,0.72885032537961,0.856825749167592,0.338473503692699,0.316598408403562,0.356478125749428,1,0.0625813117242608,0.043763817061826,0.086707524982972
"diabetes",0.38,0.0386596282155768,-0.304661001186978,0.343320629402555,0.0180312401719258,-0.368744272240615,0.386775512412541,0.307643663195912,0.386775512412541,0.293229463434201,0.394890679401131,0.0180312401719258,0.101672026665855,0.234825018565226,0.251934765197738,1.16784185343742,1.10558282897745,0.732012513034411,0.858796296296296,0.35523711119782,0.331988847227465,0.374544348484254,1,0.0585090829759146,0.0409147822275944,0.0825114120780791
"diabetes",0.39,0.036803184167155,-0.326048886452338,0.362852070619493,0.0168677680411219,-0.391182702933084,0.408050470974206,0.32601737932915,0.408050470974206,0.311236237760249,0.416378542208504,0.0168677680411219,0.100275715970732,0.231688217553942,0.248386924257959,1.15583075335397,1.09398024082611,0.731358529111338,0.862559241706161,0.375210062353674,0.351037097184149,0.39539315050885,1,0.0573466926314565,0.0396341312250164,0.0820474176879214
"diabetes",0.4,0.032812663801237,-0.348149701226544,0.380962365027781,0.0135933186567425,-0.414369081315302,0.427962399972045,0.340485259344679,0.427962399972045,0.325139007997256,0.436625226844366,0.0135933186567425,0.0943145682636195,0.234658167729034,0.251124747211943,1.12646293888166,1.06468207895312,0.736274509803922,0.863013698630137,0.392495650641898,0.366072521723582,0.413527685343592,1,0.0527656256428471,0.0352074010817294,0.0756697983252502
