"design","threshold","tested","delta_true","delta_mean","delta_empse","delta_cover","nb_true","nb_mean","nb_empse","nb_cover","gain_predicted"
"Optimal",0.05,397.635,0.0108750227597508,0.0107110304705082,0.00267617076752291,0.979,0.159412053564039,0.159337196077265,0.0101115331469963,0.974,1.69644328686675
"Optimal, known v",0.05,397.331,0.0108750227597508,0.0108676583091513,0.00266175678724284,0.981,0.159412053564039,0.159258446120871,0.00877977862727453,0.982,1.69644328686675
"SRS",0.05,397.309,0.0108750227597508,0.011025055646188,0.00227903459992322,0.989,0.159412053564039,0.15958806866004,0.0107271390493823,0.975,1.69644328686675
"Optimal",0.1,397.635,0.0323117960186835,0.0320594383523147,0.00512422269853504,0.987,0.133545328534321,0.133387057603891,0.00970385561133782,0.972,1.69644328686675
"Optimal, known v",0.1,397.331,0.0323117960186835,0.0322599367113673,0.00482998972065423,0.996,0.133545328534321,0.133339101623738,0.00843288503813831,0.985,1.69644328686675
"SRS",0.1,397.309,0.0323117960186835,0.0323571172509025,0.00474434738518374,0.988,0.133545328534321,0.133618075432191,0.0106862900247521,0.97,1.69644328686675
"Optimal",0.2,397.635,0.105409372051578,0.104950455779719,0.0081898018024526,0.983,0.09429709613167,0.0939440274377427,0.00917987861097619,0.973,1.69644328686675
"Optimal, known v",0.2,397.331,0.105409372051578,0.105316004999292,0.00757229555201071,0.993,0.09429709613167,0.0940300655257083,0.00805354186555222,0.992,1.69644328686675
"SRS",0.2,397.309,0.105409372051578,0.105288901521569,0.00791314519538265,0.98,0.09429709613167,0.0942074794755188,0.0105955966656781,0.977,1.69644328686675
"Optimal",0.3,397.635,0.219459961361628,0.219367310337725,0.0105639759602377,0.984,0.0639030745960193,0.0639313922326094,0.00876968288459453,0.985,1.69644328686675
"Optimal, known v",0.3,397.331,0.219459961361628,0.21942654815156,0.00973498679857475,0.987,0.0639030745960193,0.0636711887531787,0.00762965320925651,0.993,1.69644328686675
"SRS",0.3,397.309,0.219459961361628,0.219191336166557,0.0108130981368033,0.977,0.0639030745960193,0.0636697109710704,0.0101808124952619,0.98,1.69644328686675
