"outcome","threshold","nb_true","nb_all_true","delta_true","nb_obs","nb_all_obs","delta_obs","nb_lower","nb_upper","nb_lower_ci","nb_upper_ci","se_tip","se_tip_upper","se1_tip","se1_tip_lower","se1_tip_upper","se0_actual","se1_actual"
"ckd",0.02,0.173041141203225,0.173041141203225,0,0.018091834625105,0.0180918346251049,0,0.018091834625105,0.749591794542916,0.0144008594619353,0.830900702632618,NA,39.6725342811381,1.88649989663014,1.70564211363483,2.08570672144991,NA,0.199018538713195
"ckd",0.03,0.164515792143465,0.164515792143465,0,0.00796907003361119,0.00796907003361119,0,0.00796907003361124,0.747010266651606,0.00424004358009961,0.829157410907181,NA,26.4483561874254,1.25766659775343,1.13709474242322,1.39047114763328,NA,0.199018538713195
"ckd",0.04,0.155812831644959,0.155812831644959,0,-0.00236458548687203,-0.00236458548687203,0,-0.00236458548687198,0.744374956929226,-0.00613245596594102,0.82737780060413,NA,19.8362671405691,0.943249948315072,0.852821056817415,1.04285336072496,NA,0.199018538713195
"ckd",0.05,0.147138831158939,0.146926650925432,0.000212180233507067,-0.0109626453978651,-0.0129157916498917,0.00195314625202659,-0.0109626453978652,0.741569916107199,-0.0147622815341585,0.825264512896608,0.0527704485488134,0.295845016442517,0.783216783216782,0.708080051676434,0.865968633983185,0.0588235294117647,0.200330214639516
"ckd",0.06,0.13862557678181,0.137851402531022,0.00077417425078847,-0.0163192413092342,-0.0236914915610608,0.00737225025182657,-0.0163192413092342,0.719146296939811,-0.0200872542703283,0.802238561003237,0.162418790604698,0.276696356011373,0.70343725019984,0.634962725934279,0.778937299040428,0.178082191780822,0.199886428165815
"ckd",0.07,0.131339740041481,0.128580987504474,0.00275875253700752,-0.0187132786918044,-0.0346989269541905,0.015985648262386,-0.0187132786918044,0.697206346242338,-0.0224397320845406,0.749224726069878,0.153103285832057,0.223675943104238,0.668164616840114,0.602084850179682,0.741103955612424,0.179310344827586,0.200710479573712
"ckd",0.08,0.125908980593433,0.119109041716479,0.00679993887695392,-0.0206065563455609,-0.0459456544210839,0.0253390980755229,-0.0206065563455609,0.664668182757908,-0.0243187529256551,0.664668182757908,0.131011097410604,0.182622261767106,0.643468118195957,0.579240189466243,0.714391039796945,0.170854271356784,0.202446483180428
"ckd",0.09,0.1224739701068,0.109428921295781,0.0130450488110195,-0.0226982031819741,-0.0574395627114254,0.0347413595294513,-0.0226982031819741,0.599338432912963,-0.026390521275769,0.599338432912963,0.123265680541223,0.165657118460029,0.617071020658465,0.554779940270921,0.685901743713631,0.183760683760684,0.20125
"ckd",0.1,0.117370730250614,0.0995336870879563,0.0178370431626582,-0.0258539498771047,-0.0691888911859968,0.0433349413088921,-0.0258539498771047,0.559334298118669,-0.0295458311086366,0.559334298118669,0.114942528735632,0.151624955331283,0.583995564590649,0.524591141876816,0.649665692152771,0.180811808118081,0.202175303902751
"ckd",0.11,0.113911259881113,0.0894160880664726,0.0244951718146404,-0.0285997681727694,-0.0812022495139294,0.05260248134116,-0.0285997681727694,0.52553235476535,-0.0323091725905147,0.52553235476535,0.102990691225985,0.134774498301708,0.55968814820113,0.502579478005562,0.622815542685918,0.17687074829932,0.203246753246753
"ckd",0.12,0.108947131016596,0.0790685436126825,0.029878587403913,-0.0321292311162065,-0.0934886387129513,0.0613594075967448,-0.0321292311162065,0.500930328716146,-0.0358458351447398,0.500930328716146,0.0983844241922123,0.127203734025683,0.529646443802449,0.475237487812307,0.589817016346367,0.175384615384615,0.204108681245858
"ckd",0.13,0.104118397695922,0.0684831245737479,0.0356352731221737,-0.0350150539780761,-0.106057473640686,0.0710424196626103,-0.035015053978076,0.47446764523465,-0.0387319478740699,0.47446764523465,0.0953216728197063,0.121707393431528,0.506116976705212,0.453690646139829,0.564129313757151,0.174515235457064,0.205023761031908
"ckd",0.14,0.0999778836584275,0.057651532999024,0.0423263506594035,-0.0377684611353376,-0.118918607055113,0.0811501459197754,-0.0377684611353375,0.452036386189787,-0.0414983435047913,0.452036386189787,0.0902794620961005,0.114420161276809,0.486753127960538,0.436066645068437,0.542854316321307,0.171794871794872,0.206371191135734
"ckd",0.15,0.0959941139987109,0.0465650804460714,0.0494290335526396,-0.0403324861058751,-0.132082355373408,0.0917498692675334,-0.0403324861058751,0.429088277858177,-0.0440560686630088,0.429088277858177,0.0893234353310398,0.111911335022351,0.467357263310046,0.418182531102457,0.521831610033955,0.175355450236967,0.206090651558074
"ckd",0.16,0.0924963328312512,0.035214664737096,0.0572816680941552,-0.0423767191391752,-0.145559526270711,0.103182807131536,-0.0423767191391752,0.407897457101509,-0.0461128457614305,0.407897457101509,0.0851082402234637,0.106007996445736,0.454574252407501,0.406487007867609,0.507855796845274,0.172949002217295,0.207519884309472
"ckd",0.17,0.0888980773206533,0.0235907450351333,0.06530733228552,-0.0443618592625619,-0.159361448273972,0.114999589011411,-0.0443618592625619,0.388670663634484,-0.0481108691867281,0.388670663634484,0.0815612007400187,0.101040255492377,0.442740926157697,0.395647097519872,0.494934670594366,0.17047817047817,0.209164818920916
"ckd",0.18,0.0844683007508181,0.0116833150965374,0.0727849856542808,-0.0467609937625115,-0.173500002521216,0.126739008758704,-0.0467609937625115,0.370374198883606,-0.0504896753755132,0.370374198883606,0.0830004195625604,0.101703986415172,0.424845722082674,0.378983412320795,0.475747948832028,0.175337186897881,0.208365019011407
"ckd",0.19,0.0810253779380649,-0.000518125457826367,0.0815435033958912,-0.0491440720577238,-0.18798765687333,0.138843584815606,-0.0491440720577238,0.352594583419475,-0.0528371246473076,0.352594583419475,0.0857164466331083,0.103844199590287,0.405807835331512,0.361155798563743,0.45546754708173,0.185117967332123,0.204988308651598
"ckd",0.2,0.0777341327268968,-0.0130246020260492,0.090758734752946,-0.0514781889600992,-0.202837502584246,0.151359313624147,-0.0514781889600992,0.339259871821377,-0.0551772385310803,0.339259871821377,0.0836983729662078,0.100937378708463,0.393053016453382,0.349439846983948,0.441592625725901,0.185763888888889,0.205087440381558
"ckd",0.21,0.0744760195015741,-0.025847698254227,0.100323717755801,-0.0531007031767258,-0.218063293756199,0.164962590579473,-0.0531007031767258,0.324788091792433,-0.056812094473777,0.324788091792433,0.0809203044353073,0.0972541577545946,0.384953472159074,0.341965748943558,0.432815915041584,0.183471074380165,0.206672091131001
"ckd",0.22,0.0710734032007549,-0.0389995918215889,0.110072995022344,-0.055488409323431,-0.233679489829996,0.178191080506565,-0.055488409323431,0.313727517056026,-0.0592061429477634,0.313727517056026,0.0794205041832696,0.095066744480045,0.372921970945035,0.330907627731321,0.419739476109136,0.184126984126984,0.206810631229236
"ckd",0.23,0.06905777703793,-0.0524930930140771,0.121550870052007,-0.0575367365733295,-0.24970130138623,0.192164564812901,-0.0575367365733295,0.303183791606368,-0.0612756448863875,0.303183791606368,0.0767529008081631,0.0916634311465801,0.364665945240813,0.323380048257753,0.410684919117395,0.184496124031008,0.206896551724138
"ckd",0.24,0.0653732739954082,-0.0663416863432097,0.131714960338618,-0.0589425807645017,-0.266144739562365,0.207202158797863,-0.0589425807645017,0.290882778581766,-0.0626944385854031,0.290882778581766,0.0747084548104955,0.0889610488511772,0.358327410566217,0.317483180607166,0.403874913803485,0.18141592920354,0.209342560553633
"ckd",0.25,0.0620219144097581,-0.0805595754944525,0.142581489904211,-0.0603679966921646,-0.283026669423196,0.222658672731032,-0.0603679966921646,0.279098614843912,-0.0641251736770642,0.279098614843912,0.0734155434470893,0.087118376307354,0.351111111111111,0.310725633164535,0.39618187764656,0.180535966149506,0.210666666666667
"ckd",0.26,0.0587783359129235,-0.0951617319200532,0.153940067832977,-0.0619129569925518,-0.300364867658645,0.238451910666093,-0.0619129569925518,0.268451519536903,-0.0656756075625624,0.268451519536903,0.0722818230236626,0.0854923203970186,0.343591718254791,0.303699664709918,0.388149590511252,0.180216802168022,0.211678832116788
"ckd",0.27,0.0563960453241424,-0.110163947425807,0.16655999274995,-0.0635413097102529,-0.318178085023832,0.254636775313579,-0.0635413097102529,0.258321273516643,-0.0673011746118201,0.258321273516643,0.0717511937024131,0.0845508908081113,0.334948794332548,0.295596399845618,0.378957592931619,0.182654402102497,0.210624417520969
"ckd",0.28,0.0550272207291021,-0.125582891140055,0.180610111869157,-0.0648530999471665,-0.336486113982496,0.27163301403533,-0.0648530999471665,0.247984287781683,-0.0686091727110444,0.247984287781683,0.071183112420226,0.0835907421463484,0.327517417971774,0.288569495473139,0.371127823048554,0.186136071887035,0.208530805687204
"ckd",0.29,0.0524041499357942,-0.141436171296957,0.193840321232751,-0.0663983903420523,-0.355309862066757,0.288911471724704,-0.0663983903420523,0.239197849906967,-0.070159261351658,0.239197849906967,0.0702773613193401,0.0823019318048321,0.320388638869848,0.281894773992912,0.363535492483272,0.186799501867995,0.208535402521823
"ckd",0.3,0.0500605452021619,-0.157742402315485,0.207802947517647,-0.0680764346259488,-0.374671431524853,0.306594996898904,-0.0680764346259488,0.230514781889601,-0.0718241472080069,0.230514781889601,0.0703027046390829,0.0820347073775244,0.310911808669656,0.272976442356979,0.353510063154085,0.190072639225182,0.206349206349206
"ckd",0.31,0.0464640018217065,-0.174521277711361,0.220985279533068,-0.0687409551374819,-0.394594205894779,0.325853250757297,-0.0687409551374819,0.220694645441389,-0.0724912247190242,0.220694645441389,0.0693169711050923,0.0806884058141791,0.306716023268112,0.268892839052702,0.349231153518116,0.187935034802784,0.208847736625514
"ckd",0.32,0.0432694061705724,-0.191793649442411,0.235063055612983,-0.0696773644334724,-0.415102944216761,0.345425579783288,-0.0696773644334724,0.211701467851974,-0.0734208591819887,0.211701467851974,0.0688434303697874,0.0799151191011181,0.30059814453125,0.263021993447785,0.342899362449389,0.187919463087248,0.209574468085106
"ckd",0.33,0.0408742929964607,-0.209581614359462,0.250455907355923,-0.0706725829195968,-0.436223883682682,0.365551300763086,-0.0706725829195968,0.204568947694852,-0.0744474666149201,0.204568947694852,0.0669462657766751,0.0776443320146541,0.2985897377004,0.26112482480908,0.34076846364028,0.185589519650655,0.212418300653595
"ckd",0.34,0.03984438137839,-0.227908608516423,0.267752989894813,-0.0704167997945133,-0.457984851617268,0.387568051822755,-0.0704167997945132,0.195369030390738,-0.0742218403854329,0.195369030390738,0.0649900247868932,0.0753105683821054,0.300342359165889,0.262535674810881,0.34289648562836,0.183564567769477,0.215161649944259
"ckd",0.35,0.0375948219652995,-0.246799510185907,0.284394332151206,-0.070386921327587,-0.480415387795996,0.410028466468409,-0.070386921327587,0.185652263799876,-0.0741730162702206,0.185652263799876,0.0649185797700648,0.0750059313312392,0.295895641107222,0.258022043256803,0.338604250812066,0.184726522187822,0.215028901734104
"ckd",0.36,0.035184515195369,-0.266280752532562,0.301465267727931,-0.0681853421542278,-0.503546878230308,0.43536153607608,-0.0681853421542279,0.173764730204672,-0.0719884441610349,0.173764730204672,0.0632497880089523,0.0729905529822457,0.302399365457069,0.263490029676673,0.346263119638708,0.18001978239367,0.222357229647631
"ckd",0.37,0.0324942326182764,-0.286380447017205,0.318874679635482,-0.0684144376515681,-0.527412701694281,0.458998264042713,-0.0684144376515681,0.166218730618152,-0.0722183246457409,0.166218730618152,0.0626587410619149,0.0721672200801146,0.299179776791717,0.260213718985436,0.343161059580402,0.179634966378482,0.224464060529634
"ckd",0.38,0.0309142563705843,-0.307128518743289,0.338042775113874,-0.0687876382988656,-0.552048390431286,0.48326075213242,-0.0687876382988656,0.159292950175729,-0.0725920915235881,0.159292950175729,0.0621250655225301,0.0714181668909721,0.295433587212678,0.256465975771887,0.339475706588186,0.180620884289746,0.224383916990921
"ckd",0.39,0.0289605059361411,-0.32855685511613,0.357517361052271,-0.0700034230674073,-0.577491806667864,0.507488383600457,-0.0700034230674073,0.154021087450899,-0.07380955205047,0.154021087450899,0.0617214326891746,0.0708257217201705,0.289106866288074,0.250455171249164,0.332865334956636,0.182070240295749,0.223404255319149
"ckd",0.4,0.0264626834814968,-0.350699469368066,0.377162152849562,-0.0710495486182896,-0.603783336778995,0.532733788160706,-0.0710495486182896,0.148955964440769,-0.0748679751321044,0.148955964440769,0.0610348597109195,0.0699399908223083,0.284524635669674,0.24607273619572,0.328110432474476,0.182065217391304,0.224657534246575
