"mech","budget","comparator","gain","bound","fraction"
"M3",300,"all",1.12832019480151,1.13155290246937,0.01
"M3",300,"both",1.07118751780856,1.0704255084591,0.01
"M3",600,"all",1.13345551635716,1.13155290246937,0.025
"M3",600,"both",1.07236196067276,1.0704255084591,0.025
"M3",1200,"all",1.13937264817549,1.13155290246937,0.055
"M3",1200,"both",1.07483106808478,1.0704255084591,0.055
"M4",300,"all",1.23604183175664,1.23792259548322,0.01
"M4",300,"both",1.13745248796447,1.13589117728073,0.01
"M4",600,"all",1.24353353038883,1.23792259548322,0.025
"M4",600,"both",1.1398629032258,1.13589117728073,0.025
"M4",1200,"all",1.25435870488915,1.23792259548322,0.055
"M4",1200,"both",1.14494657152842,1.13589117728073,0.055
