"mech","threshold","nb_true","nb_obs","delta_true","delta_obs","random_delta_true","random_delta_obs","prevalence","recorded_prevalence"
"M1",0.02,0.0870411632653061,0.0879911632653061,0.000466673469387755,-0.000720061224489796,-0.00167734693877551,-0.00169877551020408,0.104843,0.106937
"M1",0.04,0.0711703333333333,0.069762,0.00362554166666667,3.59583333333341e-05,-0.00259008333333333,-0.00264633333333333,0.104843,0.106937
"M1",0.06,0.0580635744680851,0.0547795319148936,0.0103582553191489,0.00484655319148936,-0.00277408510638298,-0.00287514893617021,0.104843,0.106937
"M1",0.08,0.047181347826087,0.0426628695652174,0.0201780869565217,0.0133835217391304,-0.00208065217391305,-0.00217521739130435,0.104843,0.106937
"M1",0.1,0.0383587777777778,0.0331698888888889,0.0329776666666667,0.0254621111111111,-0.000453555555555555,-0.000640222222222222,0.104843,0.106937
"M1",0.12,0.0312433636363636,0.0257183636363636,0.0484672272727273,0.0405626818181818,0.00208695454545455,0.00189263636363636,0.104843,0.106937
"M1",0.14,0.0251662325581395,0.019632511627907,0.0660464651162791,0.0580778604651163,0.00573395348837209,0.00551418604651163,0.104843,0.106937
"M1",0.16,0.0204417619047619,0.0151393809523809,0.0861048571428571,0.0783096190476191,0.0105621428571429,0.0102966666666667,0.104843,0.106937
"M1",0.18,0.0164680487804878,0.0115009756097561,0.108122926829268,0.100602195121951,0.0165444390243902,0.0161700487804878,0.104843,0.106937
"M1",0.2,0.01335325,0.00876325,0.1322995,0.125092,0.02381675,0.02333425,0.104843,0.106937
"M1",0.22,0.010966641025641,0.00678330769230769,0.158603820512821,0.151735871794872,0.032475,0.0318608974358974,0.104843,0.106937
"M1",0.24,0.00877921052631579,0.00499631578947369,0.186617368421053,0.180079210526316,0.0427343684210526,0.0420277894736842,0.104843,0.106937
"M1",0.26,0.00710632432432432,0.00375767567567567,0.216777945945946,0.210599567567568,0.054568,0.0537612432432433,0.104843,0.106937
"M1",0.28,0.00579527777777778,0.00282583333333333,0.249068888888889,0.243191111111111,0.0682527222222222,0.0673082777777778,0.104843,0.106937
"M1",0.3,0.00472514285714286,0.002148,0.283520857142857,0.277952285714286,0.0837687142857143,0.0827758571428572,0.104843,0.106937
"M2",0.02,0.0875694285714286,0.0492765714285714,0.000471469387755102,0.000504122448979592,-0.00175520408163265,-0.00101132653061224,0.105356,0.067797
"M2",0.04,0.0715940833333333,0.0336097083333333,0.00351491666666667,0.0046545,-0.002666625,-0.00113016666666667,0.105356,0.067797
"M2",0.06,0.0580831489361702,0.0218182553191489,0.00983208510638298,0.0135235744680851,-0.00284172340425532,-0.000490659574468086,0.105356,0.067797
"M2",0.08,0.047096347826087,0.0133561304347826,0.0195354782608696,0.0266202608695652,-0.00207404347826087,0.00110530434782609,0.105356,0.067797
"M2",0.1,0.0382226666666667,0.00716822222222222,0.0322715555555556,0.0429493333333333,-0.000473555555555556,0.00358977777777778,0.105356,0.067797
"M2",0.12,0.0310274545454545,0.00286836363636363,0.0476683636363636,0.0621899545454545,0.00208972727272727,0.007067,0.105356,0.067797
"M2",0.14,0.0253057441860465,-2.39534883720533e-06,0.0655894651162791,0.0839545813953488,0.00570897674418604,0.011648511627907,0.105356,0.067797
"M2",0.16,0.0204671428571429,-0.00203880952380953,0.0855195238095238,0.107726666666667,0.0104571904761905,0.0174131428571429,0.105356,0.067797
"M2",0.18,0.016547512195122,-0.00332565853658536,0.107576780487805,0.133507268292683,0.016407,0.0244399268292683,0.105356,0.067797
"M2",0.2,0.01334925,-0.00419325,0.13165425,0.1610605,0.023752,0.03295825,0.105356,0.067797
"M2",0.22,0.0108710256410256,-0.00445974358974359,0.157850512820513,0.190672307692308,0.0324534358974359,0.0428688205128205,0.105356,0.067797
"M2",0.24,0.00884747368421053,-0.00455515789473684,0.186010631578947,0.222027736842105,0.042568947368421,0.0543584210526316,0.105356,0.067797
"M2",0.26,0.00716002702702703,-0.00447375675675676,0.216138405405405,0.255260027027027,0.0543781891891892,0.0675727837837838,0.105356,0.067797
"M2",0.28,0.00586705555555555,-0.00424405555555556,0.248428166666667,0.290482333333333,0.0679437777777778,0.0825785,0.105356,0.067797
"M2",0.3,0.00448914285714286,-0.00415657142857143,0.282552,0.327562,0.083487,0.0996012857142857,0.105356,0.067797
"M3",0.02,0.0871814081632653,0.0672161020408163,0.000455897959183674,0.000525285714285714,-0.00169689795918367,-0.00129383673469388,0.104991,0.085357
"M3",0.04,0.0711055833333333,0.0524535,0.003406625,0.005206625,-0.00268820833333333,-0.001842375,0.104991,0.085357
"M3",0.06,0.0576256808510638,0.0413341914893617,0.00976291489361702,0.0143586595744681,-0.00285531914893617,-0.00156702127659574,0.104991,0.085357
"M3",0.08,0.0465842173913043,0.0329244347826087,0.0194200869565217,0.0271016086956522,-0.00216891304347826,-0.000447173913043479,0.104991,0.085357
"M3",0.1,0.0379006666666667,0.0266406666666667,0.0323551111111111,0.0429106666666667,-0.000551,0.00163455555555556,0.104991,0.085357
"M3",0.12,0.0307509090909091,0.0216054545454545,0.0478065909090909,0.0609725,0.00199422727272727,0.00468513636363636,0.104991,0.085357
"M3",0.14,0.0251946511627907,0.0178190697674419,0.0659027906976744,0.0813574418604651,0.00564183720930232,0.00882439534883721,0.104991,0.085357
"M3",0.16,0.0204581904761905,0.0145772380952381,0.0859450952380952,0.103437952380952,0.0104446666666667,0.014180380952381,0.104991,0.085357
"M3",0.18,0.0165896829268293,0.0118677317073171,0.108064073170732,0.127286024390244,0.0163835365853659,0.0207298780487805,0.104991,0.085357
"M3",0.2,0.0134795,0.009667,0.13224075,0.15297075,0.0238125,0.02868625,0.104991,0.085357
"M3",0.22,0.0108955384615385,0.00789297435897436,0.158342974358974,0.180512205128205,0.0324816923076923,0.0379624615384615,0.104991,0.085357
"M3",0.24,0.00897115789473684,0.00654747368421053,0.186614578947368,0.210025105263158,0.0427034210526316,0.0488389473684211,0.104991,0.085357
"M3",0.26,0.00728716216216216,0.00531418918918919,0.216758783783784,0.241318243243243,0.0546016486486487,0.0614340810810811,0.104991,0.085357
"M3",0.28,0.00590283333333333,0.00433061111111111,0.248970888888889,0.274668111111111,0.0681462777777778,0.0757129444444445,0.104991,0.085357
"M3",0.3,0.00468214285714286,0.00344785714285714,0.283266428571429,0.310080714285714,0.0836284285714286,0.0920427142857143,0.104991,0.085357
"M4",0.02,0.087664,0.0725191020408163,0.000407877551020408,0.000524204081632653,-0.00178226530612245,-0.00146797959183673,0.105511,0.090555
"M4",0.04,0.0716342916666667,0.0578280416666667,0.00339366666666667,0.00516658333333333,-0.00280954166666667,-0.00218558333333333,0.105511,0.090555
"M4",0.06,0.0581740212765957,0.0472527446808511,0.00975806382978724,0.0147474255319149,-0.00305176595744681,-0.00208368085106383,0.105511,0.090555
"M4",0.08,0.0471871739130435,0.0402665217391304,0.0194578260869565,0.0287936956521739,-0.00240265217391304,-0.00109939130434783,0.105511,0.090555
"M4",0.1,0.0384435555555556,0.0360824444444444,0.0323202222222222,0.0465768888888889,-0.000789777777777778,0.000853555555555556,0.105511,0.090555
"M4",0.12,0.0311318636363636,0.0287534545454545,0.0475966363636364,0.0622136818181818,0.00179440909090909,0.00381827272727273,0.105511,0.090555
"M4",0.14,0.0252044186046512,0.0229904651162791,0.0653079069767442,0.0804846511627907,0.0054546976744186,0.00787562790697674,0.105511,0.090555
"M4",0.16,0.0205472857142857,0.0184532380952381,0.0854151428571429,0.101125857142857,0.0101548571428571,0.0130250952380952,0.105511,0.090555
"M4",0.18,0.0166942195121951,0.0147478780487805,0.107534463414634,0.123827146341463,0.0161732682926829,0.0194915609756098,0.105511,0.090555
"M4",0.2,0.01363075,0.011902,0.131742,0.14870825,0.0234525,0.02718375,0.105511,0.090555
"M4",0.22,0.0110862307692308,0.00951571794871795,0.157867,0.175470846153846,0.0320845897435897,0.0363486923076923,0.105511,0.090555
"M4",0.24,0.00914784210526316,0.007736,0.186107052631579,0.204374157894737,0.0422097894736842,0.0469887368421053,0.105511,0.090555
"M4",0.26,0.00749402702702703,0.00622781081081081,0.216262945945946,0.235207540540541,0.0540162162162162,0.0593283783783784,0.105511,0.090555
"M4",0.28,0.00615622222222222,0.00499094444444444,0.248502055555556,0.268109,0.0675832222222222,0.0734887777777778,0.105511,0.090555
"M4",0.3,0.00499357142857143,0.00396214285714286,0.282835,0.303169285714286,0.083055,0.0895635714285714,0.105511,0.090555
