"mech","pilot","pilot_model","defensive","design","threshold","delta_bias","delta_empse","delta_cover","nb_bias","nb_empse","nb_cover"
"M4",50,"logistic",0.3,"Optimal",0.1,-0.000581262895676844,0.00668545549470215,0.973333333333333,0.000796425425173566,0.00397458224470641,0.983333333333333
"M4",50,"logistic",0.3,"Optimal",0.2,-0.00129208920167262,0.00817835828284404,0.963333333333333,0.000257810159284085,0.00297169522841292,0.99
"M4",200,"logistic",0.3,"Optimal",0.1,-0.000281608253905392,0.00711691347871225,0.956666666666667,0.000645317007761936,0.00436988063542756,0.97
"M4",200,"logistic",0.3,"Optimal",0.2,-0.000679119160719166,0.008818447252495,0.946666666666667,0.000363671758656581,0.00322196305707615,0.993333333333333
"M4",100,"logistic",0,"Optimal",0.1,0.000395546817323664,0.00700569574596402,0.963333333333333,0.000492246311494159,0.00406504227852277,0.98
"M4",100,"logistic",0,"Optimal",0.2,0.000139824206995653,0.00869703619055471,0.956666666666667,0.000248611137937471,0.00329130818549703,0.98
"M4",100,"logistic",0.6,"Optimal",0.1,0.000691096016349382,0.00677904180023268,0.966666666666667,0.000496455787962709,0.00388351673413999,0.976666666666667
"M4",100,"logistic",0.6,"Optimal",0.2,0.000430132944290423,0.00845315958327629,0.96,0.000211162687355411,0.00302827958579618,0.99
"M4",100,"strata",0.3,"Optimal",0.1,0.0004170018365557,0.00694706806824001,0.953333333333333,0.000562503646590953,0.00383952189438573,0.966666666666667
"M4",100,"strata",0.3,"Optimal",0.2,4.65650012954066e-05,0.0085938078762491,0.953333333333333,0.000210254537585075,0.0027998588204502,0.99
